Date,Product,Category,Revenue,Units_Sold,Region
2023-01-01,Product A,Electronics,1500,3,East
2023-01-02,Product A,Electronics,1600,4,West
2023-01-03,Product A,Electronics,1400,2,North
2023-01-04,Product A,Electronics,1300,1,South
2023-01-05,Product A,Electronics,1450,3,East
2023-01-06,Product A,Electronics,1600,5,West
2023-01-07,Product A,Electronics,1700,6,North
2023-01-08,Product A,Electronics,1250,2,South
2023-01-09,Product A,Electronics,1350,3,East
2023-01-10,Product A,Electronics,1400,2,West
2023-01-11,Product A,Electronics,1500,3,East
2023-01-12,Product A,Electronics,1600,4,West
2023-01-13,Product A,Electronics,1400,2,North
2023-01-14,Product A,Electronics,1300,1,South
2023-01-15,Product A,Electronics,1450,3,East
2023-01-16,Product A,Electronics,1600,5,West
2023-01-17,Product A,Electronics,1700,6,North
2023-01-18,Product A,Electronics,1250,2,South
2023-01-19,Product A,Electronics,1350,3,East
2023-01-20,Product A,Electronics,1400,2,West
2023-01-21,Product A,Electronics,1500,3,East
2023-01-22,Product A,Electronics,1600,4,West
2023-01-23,Product A,Electronics,1400,2,North
2023-01-24,Product A,Electronics,1300,1,South
2023-01-25,Product A,Electronics,1450,3,East
2023-01-26,Product A,Electronics,1600,5,West
2023-01-27,Product A,Electronics,1700,6,North
2023-01-28,Product A,Electronics,1250,2,South
2023-01-29,Product A,Electronics,1350,3,East
2023-01-30,Product A,Electronics,1400,2,West
2023-01-01,Product B,Fashion,1500,3,East
2023-01-02,Product B,Fashion,1600,4,West
2023-01-03,Product B,Fashion,1400,2,North
2023-01-04,Product B,Fashion,1300,1,South
2023-01-05,Product B,Fashion,1450,3,East
2023-01-06,Product B,Fashion,1600,5,West
2023-01-07,Product B,Fashion,1700,6,North
2023-01-08,Product B,Fashion,1250,2,South
2023-01-09,Product B,Fashion,1350,3,East
2023-01-10,Product B,Fashion,1400,2,West
2023-01-11,Product B,Fashion,1500,3,East
2023-01-12,Product B,Fashion,1600,4,West
2023-01-13,Product B,Fashion,1400,2,North
2023-01-14,Product B,Fashion,1300,1,South
2023-01-15,Product B,Fashion,1450,3,East
2023-01-16,Product B,Fashion,1600,5,West
2023-01-17,Product B,Fashion,1700,6,North
2023-01-18,Product B,Fashion,1250,2,South
2023-01-19,Product B,Fashion,1350,3,East
2023-01-20,Product B,Fashion,1400,2,West
2023-01-21,Product B,Fashion,1500,3,East
2023-01-22,Product B,Fashion,1600,4,West
2023-01-23,Product B,Fashion,1400,2,North
2023-01-24,Product B,Fashion,1300,1,South
2023-01-25,Product B,Fashion,1450,3,East
2023-01-26,Product B,Fashion,1600,5,West
2023-01-27,Product B,Fashion,1700,6,North
2023-01-28,Product B,Fashion,1250,2,South
2023-01-29,Product B,Fashion,1350,3,East
2023-01-30,Product B,Fashion,1400,2,West
2023-01-01,Product C,Home,1500,3,East
2023-01-02,Product C,Home,1600,4,West
2023-01-03,Product C,Home,1400,2,North
2023-01-04,Product C,Home,1300,1,South
2023-01-05,Product C,Home,1450,3,East
2023-01-06,Product C,Home,1600,5,West
2023-01-07,Product C,Home,1700,6,North
2023-01-08,Product C,Home,1250,2,South
2023-01-09,Product C,Home,1350,3,East
2023-01-10,Product C,Home,1400,2,West
2023-01-11,Product C,Home,1500,3,East
2023-01-12,Product C,Home,1600,4,West
2023-01-13,Product C,Home,1400,2,North
2023-01-14,Product C,Home,1300,1,South
2023-01-15,Product C,Home,1450,3,East
2023-01-16,Product C,Home,1600,5,West
2023-01-17,Product C,Home,1700,6,North
2023-01-18,Product C,Home,1250,2,South
2023-01-19,Product C,Home,1350,3,East
2023-01-20,Product C,Home,1400,2,West
2023-01-21,Product C,Home,1500,3,East
2023-01-22,Product C,Home,1600,4,West
2023-01-23,Product C,Home,1400,2,North
2023-01-24,Product C,Home,1300,1,South
2023-01-25,Product C,Home,1450,3,East
2023-01-26,Product C,Home,1600,5,West
2023-01-27,Product C,Home,1700,6,North
2023-01-28,Product C,Home,1250,2,South
2023-01-29,Product C,Home,1350,3,East
2023-01-30,Product C,Home,1400,2,West
